arm,question_id,correctness,faithfulness,completeness,conciseness,rationale
closed_book,fit_sizing_000,1,5,1,5,"The candidate correctly identifies that no context was available, making it faithful and concise. However, it fails on correctness and completeness because the reference answer provides a detailed synthesis of buyer opinions, indicating that information *was* available to form a conclusion, whereas the candidate incorrectly claims there is not enough information to answer."
closed_book,fit_sizing_001,1,5,1,5,"The candidate correctly identifies that no context was available, making it faithful and concise. However, it fails in correctness and completeness because the reference answer provides a detailed summary of fit, implying that information was actually available or that the candidate's claim of 'no information' contradicts the ground truth provided for scoring purposes."
closed_book,fit_sizing_002,1,5,1,5,"The candidate correctly identifies that no context was available, making it faithful and concise. However, it fails in correctness and completeness because the reference answer provides a definitive answer based on external knowledge or a different data source, meaning the candidate's refusal to answer is factually incorrect relative to the ground truth."
closed_book,fit_sizing_003,1,5,1,5,"The candidate correctly identifies that no context was available, making it faithful and concise. However, it fails in correctness and completeness because the reference answer provides a detailed summary of mixed reviews, indicating that information *was* available to form an answer, whereas the candidate incorrectly claims there is not enough information."
closed_book,fit_sizing_004,1,1,1,2,"The candidate fails correctness and faithfulness by providing generic advice instead of the specific positive review consensus found in the reference, despite having no context to support its claims. It is incomplete as it omits the key finding that buyers overwhelmingly find the product comfortable."
closed_book,fit_sizing_008,1,5,1,5,"The candidate correctly identifies that no context was available, making it faithful and concise. However, it fails in correctness and completeness because the reference answer provides a substantive conclusion based on external knowledge or a different data source, whereas the candidate incorrectly claims the question is unanswerable."
closed_book,fit_sizing_010,1,5,1,5,"The candidate is faithful to the empty context by abstaining, but it is incorrect and incomplete because the reference answer provides specific details about mixed fit reports, meaning information was available to answer the question."
closed_book,fit_sizing_012,1,5,1,5,"The candidate correctly identifies that no context was available, making it faithful and concise. However, it fails in correctness and completeness because the reference answer provides a definitive conclusion based on external knowledge or a different context, meaning the candidate's refusal to answer contradicts the ground truth provided for scoring purposes."
closed_book,fit_sizing_016,1,5,1,5,"The candidate correctly identifies that no context was available, making it faithful and concise. However, it fails on correctness and completeness because the reference answer provides a detailed summary of buyer opinions, indicating that information *was* available to form an answer, whereas the candidate incorrectly claims there is not enough information."
closed_book,fit_sizing_017,1,5,1,5,"The candidate correctly identifies that no context was available, making it faithful and concise. However, it fails in correctness and completeness because the reference answer provides a substantive summary of fit for petite frames, implying that information was available or synthesized elsewhere, whereas the candidate incorrectly claims there is not enough information to answer."
closed_book,colour_appearance_001,1,5,1,5,"The candidate correctly identifies that no context was available, making it faithful and concise. However, it fails in correctness and completeness because the reference answer provides a definitive conclusion based on external data, whereas the candidate incorrectly claims the question is unanswerable."
closed_book,colour_appearance_002,1,5,1,5,"The candidate correctly identifies that no context was available, making it faithful and concise. However, it fails in correctness and completeness because the reference answer provides a definitive 'Yes' with specific evidence, meaning the candidate's claim of insufficient information contradicts the ground truth provided for scoring purposes."
closed_book,colour_appearance_006,1,5,1,5,"The candidate correctly identifies that no context was available, making it faithful and concise. However, it is incorrect and incomplete because the reference answer provides specific details from reviews, indicating that the information does exist and the candidate failed to retrieve or utilize it."
closed_book,colour_appearance_008,1,5,1,5,"The candidate correctly identifies that no context was available, making it faithful and concise. However, it fails in correctness and completeness because the reference answer provides a substantive answer based on external knowledge or a different context, whereas the candidate incorrectly claims the question is unanswerable."
closed_book,colour_appearance_009,5,1,3,4,"The candidate correctly identifies the general sentiment but fails faithfulness by inventing specific reasons (lighting, camera settings) not present in the empty context. It is also less complete than the reference, which notes the minority of positive reviews."
closed_book,colour_appearance_010,1,5,1,5,"The candidate correctly identifies that no context was available, making it faithful and concise. However, it fails on correctness and completeness because the reference answer provides specific details from reviews, indicating that information *was* available to answer the question, contradicting the candidate's claim of insufficient information."
closed_book,colour_appearance_011,1,5,1,5,"The candidate correctly identifies that no context was available, making it faithful and concise. However, it fails in correctness and completeness because the reference answer provides specific evidence from reviews, indicating that the candidate's claim of insufficient information is factually incorrect relative to the ground truth."
closed_book,fabric_quality_000,1,5,1,5,"The candidate correctly identifies that no context was available, making it faithful and concise. However, it fails in correctness and completeness because the reference answer provides a definitive conclusion based on external knowledge or a different data source, whereas the candidate incorrectly claims the question is unanswerable."
closed_book,fabric_quality_001,1,5,1,5,"The candidate correctly identifies that no context was provided, making it faithful and concise. However, it fails in correctness and completeness because the reference answer contains specific information derived from external sources (reviews), meaning the candidate's claim of 'not enough information' contradicts the ground truth provided in the reference."
closed_book,fabric_quality_002,1,1,1,2,"The candidate answer provides generic textbook definitions of material properties instead of addressing the specific product's performance as indicated by the reference. It fails to mention the mixed user reviews regarding shape retention and invents specific material claims (like elastane or leather) that are not supported by the empty context, resulting in a complete failure of faithfulness and correctness."
closed_book,fabric_quality_003,1,5,1,5,"The candidate is faithful to the empty context but fails correctness and completeness because the reference answer provides a definitive conclusion based on available data, whereas the candidate incorrectly claims insufficient information."
closed_book,fabric_quality_005,1,5,1,5,"The candidate correctly identifies that no context was available, making it faithful and concise. However, it fails in correctness and completeness because the reference answer provides a definitive conclusion based on external knowledge, whereas the candidate incorrectly claims the question cannot be answered."
closed_book,fabric_quality_006,2,1,2,2,"The candidate answer is unfaithful because it invents specific details about fiber types and care instructions that are not present in the empty context. It is also incorrect relative to the reference, which provides specific product feedback (mixed reviews on fading) rather than general textile advice."
closed_book,fabric_quality_007,1,5,1,5,"The candidate answer is faithful to the provided context (which was empty) but fails in correctness and completeness because the reference answer indicates that sufficient information exists to provide a nuanced response. The candidate incorrectly claims there is not enough information, missing the detailed insights present in the reference."
closed_book,fabric_quality_014,1,1,1,3,"The candidate answer directly contradicts the reference by claiming odors are mild and short-lived, whereas the reference states they are frequent, strong, and persistent. It also fails faithfulness by inventing general fabric knowledge despite having no context, and it omits the critical negative feedback present in the reference."
closed_book,durability_000,1,5,1,5,"The candidate is faithful to the provided context (which was empty) but fails in correctness and completeness because it incorrectly claims there is not enough information, whereas the reference answer provides a detailed summary of review findings indicating the item often falls apart."
closed_book,durability_001,1,5,1,5,The candidate is faithful to the provided context (which was empty) but fails in correctness and completeness because the reference answer contains specific information that contradicts the candidate's claim of insufficient data. The candidate is concise but misses the actual answer.
closed_book,durability_002,2,1,2,2,"The candidate fails faithfulness by inventing general laundry advice despite having no context, and fails correctness by providing generic information instead of the specific product feedback found in the reference. It is also verbose and misses the specific consensus on the item's durability."
closed_book,durability_004,1,5,1,5,"The candidate correctly identifies that no context was available, making it faithful and concise. However, it fails in correctness and completeness because the reference answer provides a definitive 'Yes' with specific evidence, meaning the candidate's refusal to answer is factually incorrect relative to the ground truth."
closed_book,durability_007,2,1,2,2,"The candidate answer is completely unfaithful because it invents specific product details (Gore-Tex, pearls, etc.) despite having no context available, violating the rule to abstain or state lack of info. It also fails correctness by providing generic generalizations that contradict the reference's specific finding that the products generally hold up well."
closed_book,durability_010,1,5,1,5,"The candidate correctly identifies that no context was available, making it faithful and concise. However, it fails in correctness and completeness because the reference answer provides a substantive conclusion based on external knowledge or a different data source, whereas the candidate incorrectly claims the question is unanswerable."
closed_book,defects_000,1,5,1,5,"The candidate correctly identifies that no context was provided, making it faithful and concise. However, it fails in correctness and completeness because the reference answer provides a definitive answer based on external knowledge or a different context, meaning the candidate's refusal to answer is factually incorrect relative to the ground truth."
closed_book,defects_001,1,5,1,5,"The candidate correctly identifies that no context was available, making it faithful and concise. However, it fails in correctness and completeness because the reference answer provides a definitive conclusion based on pooled reviews, whereas the candidate incorrectly claims the question cannot be answered."
closed_book,defects_005,1,5,1,5,"The candidate correctly identifies that no context was provided, making it faithful and concise. However, it fails in correctness and completeness because the reference answer provides a definitive 'Yes' with specific details, indicating that the candidate's refusal to answer is incorrect relative to the ground truth."
closed_book,defects_007,1,5,1,5,"The candidate correctly identifies that no context was available, making it faithful and concise. However, it fails in correctness and completeness because the reference answer provides specific evidence of missing parts, indicating that information *was* available to form a conclusion, whereas the candidate incorrectly claims there is not enough information to answer."
closed_book,defects_010,1,5,1,5,"The candidate answer is faithful because it correctly identifies that no context was available, but it scores poorly on correctness and completeness because the reference answer provides specific details about assembly issues, indicating that information was indeed available in the ground truth despite the stated lack of context for the candidate."
closed_book,defects_011,1,5,1,5,"The candidate correctly identifies that no context was available, making it faithful and concise. However, it fails in correctness and completeness because the reference answer provides a definitive 'Yes' with specific evidence, meaning the candidate's claim of insufficient information contradicts the ground truth."
closed_book,occasion_000,1,5,1,5,The candidate answer is faithful to the provided context (which was empty) but fails in correctness and completeness because it incorrectly claims insufficient information when the reference answer provides a definitive conclusion based on external data.
closed_book,occasion_001,1,5,1,5,"The candidate correctly identifies that no context was available, making it faithful and concise. However, it fails in correctness and completeness because the reference answer provides a definitive conclusion based on external knowledge or a different context source, whereas the candidate incorrectly claims the question is unanswerable."
closed_book,occasion_002,1,5,1,5,"The candidate correctly identifies that no context was available, making it faithful and concise. However, it fails in correctness and completeness because the reference answer provides a definitive 'Yes' with evidence, meaning the candidate's refusal to answer is factually incorrect relative to the ground truth."
closed_book,occasion_003,1,5,1,5,"The candidate correctly identifies that no context was available, making it faithful and concise. However, it fails in correctness and completeness because the reference answer provides a definitive conclusion based on external knowledge or a different data source, whereas the candidate incorrectly claims the question is unanswerable."
closed_book,occasion_006,1,5,1,5,"The candidate correctly identifies that no context was available, making it faithful and concise. However, it fails in correctness and completeness because the reference answer provides a substantive conclusion based on external knowledge or a different context, whereas the candidate refuses to answer, missing the actual ground truth provided in the reference."
closed_book,occasion_009,1,5,1,5,"The candidate answer is faithful to the provided context (which was empty) but fails in correctness and completeness because it incorrectly claims insufficient information when the reference answer provides a detailed, supported response. It is concise, but the substance is factually wrong relative to the ground truth."
closed_book,occasion_010,1,5,1,5,"The candidate correctly identifies that no context was available, making it faithful and concise. However, it fails in correctness and completeness because the reference answer provides a definitive conclusion based on external knowledge or a different data source, whereas the candidate incorrectly claims the question is unanswerable."
closed_book,value_000,1,5,1,5,"The candidate correctly identifies that no context was provided, making it faithful and concise. However, it fails in correctness and completeness because the reference answer provides a substantive summary of mixed opinions, implying that information *was* available to generate that reference, whereas the candidate claims there is not enough information to answer."
closed_book,value_001,1,5,1,5,"The candidate correctly identifies that no context was available, making it faithful and concise. However, it fails in correctness and completeness because the reference answer provides a definitive conclusion based on external knowledge or a different context, whereas the candidate incorrectly claims the question is unanswerable."
closed_book,value_002,1,5,1,5,"The candidate correctly identifies that no review context was available, making it faithful to the provided context. However, it fails in correctness and completeness because the reference answer provides a substantive conclusion based on external knowledge or a different data source, whereas the candidate incorrectly claims the question is unanswerable."
closed_book,value_004,1,5,1,5,"The candidate correctly identifies that no context was provided, making it faithful to the available information. However, it fails in correctness and completeness because the reference answer indicates that sufficient information exists in the reviews to answer the question, implying the candidate incorrectly concluded the data was insufficient or failed to access it."
closed_book,value_006,1,5,1,5,"The candidate correctly identifies that no context was available, making it faithful and concise. However, it fails in correctness and completeness because the reference answer provides a definitive conclusion based on external data, whereas the candidate incorrectly claims the question is unanswerable."
closed_book,fit_sizing_neg_000,1,5,1,5,"The candidate answer is faithful to the provided context (which was empty) but fails in correctness and completeness because the reference answer indicates that specific measurements were indeed reported in the reviews, contradicting the candidate's claim of insufficient information."
closed_book,fit_sizing_neg_001,1,5,1,5,"The candidate correctly identifies that no review context was available, making it faithful to the provided context. However, it fails in correctness and completeness because the reference answer provides a definitive conclusion based on external data, whereas the candidate incorrectly claims the question is unanswerable due to lack of information."
closed_book,colour_appearance_neg_000,4,1,2,5,The candidate provides a generally correct general explanation but fails faithfulness completely by inventing specific details about dye lots despite the context explicitly stating no review context was available. It also misses the specific evidence cited in the reference regarding color variation in shoes and stones.
closed_book,fabric_quality_neg_000,5,5,5,5,"The candidate answer correctly identifies that there is insufficient information, matching the reference answer exactly. It adheres to the special rule for abstention by accurately reflecting the lack of context without inventing details."
closed_book,fabric_quality_neg_001,1,5,1,5,"The candidate correctly identifies that no context was available, making it faithful and concise. However, it incorrectly concludes there is not enough information to answer, whereas the reference answer provides specific evidence from reviews, resulting in low scores for correctness and completeness."
closed_book,durability_neg_000,5,5,5,5,"The candidate correctly identifies that no controlled lab-test data is available, aligning with the reference's conclusion that such data is absent. It faithfully reflects the lack of context and concisely states the inability to answer, satisfying the special rule for abstention."
closed_book,durability_neg_001,1,5,1,5,"The candidate correctly identifies that no context was available, making it faithful and concise. However, it fails on correctness and completeness because the reference answer provides specific details about warranty terms, meaning the question is answerable based on the ground truth, whereas the candidate incorrectly claims there is not enough information."
closed_book,defects_neg_000,5,5,5,5,"The candidate answer correctly identifies that there is insufficient information to answer the question, matching the reference answer exactly in substance and reasoning. It adheres to the special rule for abstention by accurately reflecting the lack of available context."
closed_book,defects_neg_001,5,5,5,5,"The candidate correctly identifies that there is insufficient information to answer the question, aligning perfectly with the reference's conclusion that no specific factory batch numbers are reported. Since the context provided was empty, the candidate's refusal to invent details is fully faithful, and the response is concise and complete given the lack of data."
closed_book,occasion_neg_000,2,5,2,5,"The candidate correctly identifies that the available context (reviews) lacks information, which is faithful to the provided context. However, it fails to capture the reference's nuanced conclusion that the reviews actually suggest the item is likely unlicensed or counterfeit, making the candidate's blanket 'not enough information' stance less complete and correct than the reference's specific inference."
closed_book,value_neg_000,5,5,5,5,"The candidate answer correctly identifies that the available information is insufficient to answer the question, aligning perfectly with the reference answer's conclusion. It is faithful to the lack of context, complete in its refusal to speculate, and concise."
rag_small,fit_sizing_000,5,5,4,5,"The candidate answer is factually correct and fully faithful to the provided context, accurately summarizing the split in reviewer opinions. It scores slightly lower on completeness because it omits the specific detail about returns mentioned in the reference, though this detail is not explicitly present in the provided context snippets."
rag_small,fit_sizing_001,3,5,2,5,"The candidate is faithful to the provided context but fails to capture the nuance of the reference answer, which distinguishes between specific reports of tightness and looseness. The candidate incorrectly generalizes the negative review [183724] as 'not a good fit, either loose or tight' (ambiguous phrasing) rather than acknowledging the specific fit issues highlighted in the reference, resulting in low completeness and moderate correctness."
rag_small,fit_sizing_002,5,5,4,5,"The candidate answer is factually correct and fully supported by the provided context, accurately reflecting the mixed reviews regarding stretch. It is concise and clear, though it omits the specific nuance about losing shape mentioned in the reference, resulting in a slight deduction for completeness."
rag_small,fit_sizing_003,2,5,2,4,"The candidate is faithful to the provided context but fails to capture the full scope of the reference answer, which explicitly notes that some buyers found the length ran short. The candidate only mentions 'as expected' and 'longer,' missing the 'short' aspect entirely, leading to low completeness and correctness relative to the ground truth."
rag_small,fit_sizing_004,5,5,4,5,"The candidate answer is factually correct and fully supported by the provided context, directly answering the question. It scores slightly lower on completeness because it omits the nuance regarding the lack of negative reports and specific descriptors like 'all day' found in the reference, but it remains a strong, concise response."
rag_small,fit_sizing_008,5,5,4,5,"The candidate correctly identifies the mixed sentiment regarding fit and accurately cites the provided context for both positive and negative examples. It is faithful to the context and concise, though it is slightly less complete than the reference which cites a larger volume of positive reviews to establish the 'most' consensus."
rag_small,fit_sizing_010,2,5,2,5,The candidate is faithful to the provided context but fails in correctness and completeness because it ignores the reference answer's indication of mixed reports and specific fit flaws (like bulging or weird fit) found in other reviews. It presents a one-sided positive view that contradicts the ground truth.
rag_small,fit_sizing_012,4,5,3,4,"The candidate answer is faithful to the provided context and correctly identifies positive feedback from tall buyers, but it omits the nuance present in the reference regarding mixed reviews (specifically that some parts like sleeves or length may fall short), leading to a slightly less complete picture."
rag_small,fit_sizing_016,5,5,4,5,"The candidate correctly identifies the conflicting opinions on fit found in the context and aligns with the reference's conclusion that buyers disagree. It is fully faithful to the provided context, though it scores slightly lower on completeness because it relies only on the provided snippets rather than the broader set of reviews cited in the reference."
rag_small,fit_sizing_017,4,5,4,4,"The candidate accurately reflects the mixed feedback in the provided context, correctly identifying both positive and negative experiences for petite frames. It is fully faithful to the context, though it misses some specific positive examples cited in the reference that were not in the provided context snippet, resulting in a slight completeness gap relative to the ground truth."
rag_small,colour_appearance_001,4,5,4,5,"The candidate answer is fully faithful to the provided context and correctly identifies the mixed reviews regarding color accuracy. It is concise and well-written, though it slightly underemphasizes the 'predominantly no' consensus found in the reference by presenting the views as more balanced."
rag_small,colour_appearance_002,5,5,4,5,"The candidate answer is factually correct and fully supported by the provided context, accurately reflecting that customers reported both lighter and darker colors. It is concise and well-written, though it cites fewer specific review IDs than the reference, resulting in a slight deduction for completeness."
rag_small,colour_appearance_006,5,5,3,5,"The candidate answer is factually correct and fully supported by the provided context, accurately citing reviews 47004 and 61018. However, it is less complete than the reference answer because it omits other relevant reviews (171235, 75274, and 102131) that also discuss color changes in different lighting conditions."
rag_small,colour_appearance_008,1,5,1,5,"The candidate correctly identifies that the provided context lacks information about color surprises, making it faithful to the context. However, it fails in correctness and completeness because the reference answer indicates that such information exists in the broader dataset (citing specific IDs not in the context), meaning the candidate's claim of 'not enough information' is factually incorrect relative to the ground truth."
rag_small,colour_appearance_009,4,5,3,4,"The candidate is faithful to the provided context and correctly identifies instances of color discrepancy and 'cheaper' appearance, but it misses the counter-point mentioned in the reference (that some items look better in person) and fails to capture the reference's characterization of the issue as a 'frequent and consistent complaint' supported by a larger set of reviews."
rag_small,colour_appearance_010,2,5,2,5,"The candidate is faithful to the provided context but fails in correctness and completeness because it misses the specific issues (fading, mismatched stones, different colors) cited in the reference answer, likely due to the context provided being different from the reference's source material. It provides a partial answer based on available text but does not align with the ground truth."
rag_small,colour_appearance_011,4,5,3,4,"The candidate is faithful to the provided context and correctly identifies reviews mentioning muted colors, but it is incomplete because it omits the review ([57225]) that mentions a color more vibrant than expected, which is included in the reference answer. The response is concise and well-written."
rag_small,fabric_quality_000,5,5,4,5,"The candidate answer is factually correct and strictly faithful to the provided context, accurately citing specific reviews for both snagging and resistance to snagging. It scores slightly lower on completeness because it omits the additional review IDs present in the reference answer, though it captures the essential conflicting viewpoints available in the context."
rag_small,fabric_quality_001,5,5,4,5,"The candidate correctly identifies the mixed opinions on fabric texture and accurately cites the provided context for both scratchy and soft descriptions. It is slightly less complete than the reference because it omits the nuance from review [87624] which describes the fabric as 'smooth and stretchy, not soft,' but it captures the main dichotomy effectively."
rag_small,fabric_quality_002,4,5,3,5,"The candidate is faithful to the provided context and correctly identifies the mixed nature of the reviews, though it omits the specific mention of washing as a factor for shape loss found in the reference. It is concise and well-written, but slightly less complete than the reference which cites a broader range of evidence."
rag_small,fabric_quality_003,4,5,4,5,"The candidate correctly identifies the mixed sentiment regarding construction quality and accurately traces all claims to the provided context snippets. It is concise and faithful, though it relies on a smaller subset of reviews than the reference, slightly reducing completeness."
rag_small,fabric_quality_005,4,5,3,5,"The candidate is faithful to the provided context and correctly identifies that the available reviews support the claim, but it is less complete than the reference because it omits the nuance of conflicting reviews present in the ground truth. It is concise and accurate based on the limited context provided."
rag_small,fabric_quality_006,2,5,1,5,"The candidate is faithful to the provided context and concise, but it is factually incomplete and misleading because it ignores the negative evidence present in the context (review 70775) and fails to capture the mixed consensus described in the reference answer."
rag_small,fabric_quality_007,4,5,3,5,"The candidate answer is faithful to the provided context and correctly identifies the conflicting sentiments (warm vs. cold) present in the snippets. However, it is less complete than the reference, which provides a more nuanced breakdown including specific product types and additional sentiments like 'hot', whereas the candidate only cites two sources for a general summary."
rag_small,fabric_quality_014,5,5,5,5,"The candidate answer accurately reflects the reference's conclusion that chemical odors are a frequent complaint, citing specific descriptors (petrol, ant poison) and persistence after washing found in the provided context. It is concise, faithful to the available evidence, and covers the key aspects of the reference answer."
rag_small,durability_000,3,5,3,5,"The candidate is faithful to the provided context and concise, but it presents a balanced view ('some say yes, some say no') whereas the reference indicates a clear majority consensus that the item falls apart. By failing to reflect this weight of evidence, the candidate is less complete and only partially correct regarding the overall sentiment."
rag_small,durability_001,3,5,2,4,"The candidate is faithful to the provided context but fails to capture the nuance of the reference answer, which notes a minority of negative reviews regarding durability. By stating 'most buyers say' without acknowledging the conflicting evidence present in the ground truth, the candidate is incomplete and partially incorrect relative to the full picture."
rag_small,durability_002,4,5,3,4,"The candidate is faithful to the provided context and correctly identifies that the items hold up well, but it misses the nuance in the reference answer regarding mixed reviews (fading/reduced quality) and the specific warning about color bleeding in the context. It is concise and well-structured."
rag_small,durability_004,5,5,4,5,"The candidate answer correctly identifies that materials are prone to fraying and tearing, aligning perfectly with the reference's conclusion. It is fully faithful to the provided context, citing specific reviews accurately. It scores slightly lower on completeness because it omits the broader category of 'general durability concerns' mentioned in the reference, but it captures the core answer effectively and concisely."
rag_small,durability_007,4,5,3,5,"The candidate is faithful to the provided context and correctly summarizes the available evidence, but it is less complete than the reference because it omits negative reviews (e.g., water getting in entirely) that are present in the reference's broader dataset, leading to a slightly more positive overall conclusion."
rag_small,durability_010,5,5,4,5,"The candidate answer is factually correct and fully faithful to the provided context, accurately summarizing the mixed reviews. It scores slightly lower on completeness because it only cites the specific reviews available in the context, whereas the reference answer includes additional external evidence not present in the provided context snippet."
rag_small,defects_000,5,5,3,5,"The candidate answer is factually correct and strictly faithful to the provided context, accurately citing specific reviews. However, it is less complete than the reference because it omits the counter-evidence (reviews stating no issues) and the broader scope of complaints mentioned in the reference, though it correctly answers the core question based on the available context."
rag_small,defects_001,4,5,3,5,"The candidate is faithful to the provided context and correctly identifies defects in the available reviews, but it is less complete than the reference which cites a broader set of evidence. The candidate's conclusion that defects are common is consistent with the reference, though the reference provides more extensive support."
rag_small,defects_005,1,5,1,5,"The candidate answer is faithful to the provided context, which indeed lacks complaints about packaging defects, but it is incorrect and incomplete because it contradicts the reference answer which identifies multiple reviews with such complaints. The candidate fails to capture the ground truth established by the reference."
rag_small,defects_007,1,5,1,5,"The candidate correctly identifies that the provided context does not contain information about missing parts, making it faithful and concise. However, it scores poorly on correctness and completeness because the reference answer indicates that such reports do exist (likely from a broader dataset not shown in the context snippet), meaning the candidate failed to answer the question according to the ground truth."
rag_small,defects_010,1,1,1,5,"The candidate answer is factually incorrect and unfaithful because it misinterprets the context: review [25768] explicitly states the user has 'not yet had any problems' with the zipper, and review [105892] praises the soft leather, contradicting the candidate's claim that these reviews mention construction issues. Furthermore, the candidate fails to identify the actual negative reviews cited in the reference (which are not present in the provided context snippet, leading to a hallucination of evidence from the available text)."
rag_small,defects_011,5,5,3,5,"The candidate answer is factually correct and strictly faithful to the provided context, citing specific reviews that support the conclusion. However, it is less complete than the reference answer, which lists a broader range of defect types (torn, bubbling, discoloration) and more sources, whereas the candidate only covers the specific defects mentioned in the limited context provided."
rag_small,occasion_000,5,5,4,3,"The candidate correctly affirms suitability for everyday wear based on the provided context and faithfully cites the specific reviews available to it. However, it is less complete than the reference because it misses the dissenting review mentioned in the ground truth (which was not in the candidate's context, but the reference implies a broader pool), and it is less concise due to repetitive listing of sources."
rag_small,occasion_001,5,5,4,5,"The candidate answer correctly affirms the product's suitability for work and formal events, aligning with the reference's main conclusion. It is fully faithful to the provided context, citing specific reviews accurately. It scores slightly lower on completeness because it omits the nuance mentioned in the reference regarding one reviewer finding the material too casual for strictly formal settings, but this is a minor omission given the limited context provided to the candidate."
rag_small,occasion_002,5,5,4,5,"The candidate correctly answers the question and faithfully cites the provided context, though it omits the specific warning about durability mentioned in the reference. The response is concise and directly addresses the user's query."
rag_small,occasion_003,4,5,3,5,"The candidate is faithful to the provided context and concise, but it lacks completeness by omitting the nuance present in the reference regarding mixed reviews (some users finding it not warm enough), instead presenting a uniformly positive conclusion."
rag_small,occasion_006,1,5,1,5,"The candidate correctly identifies that the provided context is insufficient to support the reference's detailed claims, making it faithful to the available text. However, it scores poorly on correctness and completeness because it fails to align with the reference answer, which asserts a definitive conclusion based on a broader set of evidence not shown in the context snippet."
rag_small,occasion_009,4,5,3,4,"The candidate is faithful to the provided context and correctly identifies the mixed feedback regarding wedding suitability, but it is less complete than the reference because it includes irrelevant details about a bra and shoe that do not directly address the primary dress context implied by the majority of the reference's positive citations. It also misses the nuance that the item is generally suitable despite sizing issues, instead presenting a split view."
rag_small,occasion_010,2,5,3,5,"The candidate is faithful to the provided context but fails to capture the reference's conclusion that the item is 'predominantly' suitable, instead presenting a neutral split that contradicts the reference's weighted assessment. It is concise and covers the available context points, but misses the nuance of the majority opinion highlighted in the reference."
rag_small,value_000,5,5,4,5,"The candidate accurately reflects the mixed opinions present in the provided context and aligns with the reference's conclusion. It is fully faithful to the specific context snippets provided, though it is slightly less complete than the reference because it only cites the subset of reviews available in the context rather than the broader set implied by the reference."
rag_small,value_001,5,5,4,5,"The candidate correctly identifies that buyers find the item overpriced, aligning with the reference's main conclusion, and faithfully cites only the provided context. It scores slightly lower on completeness because it omits the nuance mentioned in the reference regarding a review that found the item overpriced but acceptable, though this nuance is not present in the provided context snippets."
rag_small,value_002,5,5,4,5,"The candidate answer is factually correct and fully faithful to the provided context, accurately summarizing the mixed reviews. It scores slightly lower on completeness because it only cites the specific reviews available in the context snippet, whereas the reference answer implies a broader consensus from additional reviews not shown in the context."
rag_small,value_004,2,5,3,5,"The candidate is faithful to the provided context but incorrectly concludes that customers are 'divided' rather than 'mostly yes' as stated in the reference, likely due to the limited context provided. It omits the majority of positive evidence cited in the reference, leading to a significant correctness gap despite being concise."
rag_small,value_006,4,5,3,5,"The candidate is faithful to the provided context and correctly identifies the positive sentiment, but it is less complete than the reference because it omits the nuance of the few negative or lukewarm reviews mentioned in the ground truth. It is concise and accurate based on the limited context provided."
rag_small,fit_sizing_neg_000,1,5,1,5,"The candidate answer incorrectly claims there is not enough information, whereas the reference answer identifies specific reviews that do report chest measurements for medium sizes (e.g., review [47706] and [116514]). While the candidate is faithful to the provided context snippet (which is incomplete compared to the reference's knowledge base) and concise, it fails significantly on correctness and completeness by missing the available evidence."
rag_small,fit_sizing_neg_001,4,5,4,5,"The candidate answer is faithful to the provided context and correctly identifies the mixed experiences, though it slightly softens the reference's strong conclusion that the chart predominantly fails. It is concise and covers the main points present in the limited context provided."
rag_small,colour_appearance_neg_000,2,5,2,5,"The candidate correctly identifies that the provided context does not contain information about 'dye lot numbers,' making it faithful and concise. However, it scores low on correctness and completeness because it fails to acknowledge the evidence of color variation present in the reviews (e.g., mismatched shoes, different shades), which the reference answer highlights as relevant context for the user's underlying concern about color consistency."
rag_small,fabric_quality_neg_000,5,5,5,5,"The candidate answer correctly identifies that the context does not contain the specific thread count, matching the reference answer's conclusion. It is faithful to the provided text, complete in its assessment, and concise."
rag_small,fabric_quality_neg_001,2,5,2,5,"The candidate answer is faithful to the provided context, as the specific review mentioning '95% OEKO-TEX cotton' [121249] is absent from the context block. However, it scores low on correctness and completeness because the reference answer identifies evidence within the available context (review [59375]) that the candidate missed, leading to an incorrect conclusion that there is 'not enough information' when the reference indicates evidence is present."
rag_small,durability_neg_000,2,5,2,5,"The candidate is faithful to the provided context but fails correctness and completeness because it presents a single anecdotal review as a general fact, ignoring the reference's crucial distinction that no controlled lab data exists and omitting other conflicting anecdotal evidence."
rag_small,durability_neg_001,2,5,1,5,"The candidate is faithful to the provided context and concise, but it is incorrect and incomplete because it presents a single outlier review (10-year warranty) as the definitive answer, ignoring the reference's finding that warranties vary significantly and are mostly single-year or non-existent."
rag_small,defects_neg_000,5,5,5,5,"The candidate answer correctly identifies that the provided context lacks the specific internal QA data required to answer the question, matching the reference answer exactly in substance and reasoning."
rag_small,defects_neg_001,5,5,5,5,"The candidate correctly identifies that the provided context does not contain the specific information requested (factory batch numbers), aligning with the reference answer's conclusion that no such reports exist in the data. The response is faithful to the limited context, complete in its assessment of the available evidence, and concise."
rag_small,occasion_neg_000,1,5,1,5,"The candidate answer is faithful to the provided context, which indeed lacks information about licensing. However, it scores poorly on correctness and completeness because the reference answer provides specific evidence from other reviews (not shown in the context) to conclude the item is likely not licensed, whereas the candidate simply abstains. The candidate fails to match the reference's substantive conclusion."
rag_small,value_neg_000,5,5,5,5,"The candidate correctly identifies that the provided context does not contain the answer, aligning with the reference's conclusion that no review discloses the wholesale cost. It is faithful to the limited context, complete in its refusal to answer an unanswerable question, and concise."
rag_large,fit_sizing_000,5,5,4,5,"The candidate accurately reflects the split in opinions found in the provided context and correctly cites the specific reviews supporting each view. It is faithful to the available context, though it is slightly less complete than the reference which includes additional reviews not present in the candidate's context window."
rag_large,fit_sizing_001,3,5,2,5,"The candidate is faithful to the provided context and concise, but it is incomplete because it omits the contradictory reviews (tight/loose) present in the reference answer, leading to a partially incorrect conclusion that the fit is universally 'just right'."
rag_large,fit_sizing_002,5,5,4,5,"The candidate answer is factually correct and fully supported by the provided context, accurately reflecting the majority view that the item stretches while noting the dissenting opinion. It scores slightly lower on completeness because it omits the reference's specific detail about the item losing shape or stretching 'too much,' though it captures the general sentiment."
rag_large,fit_sizing_003,2,5,2,5,"The candidate is faithful to the provided context but fails in correctness and completeness because it misses the significant portion of reviews cited in the reference that found the item ran short. By only reporting 'as expected' and 'long', it presents a skewed view that contradicts the reference's conclusion of mixed results including short fits."
rag_large,fit_sizing_004,5,5,4,5,"The candidate answer is factually correct and fully supported by the provided context, directly answering the question. It is concise but slightly less complete than the reference, which provides additional nuance about the overwhelming positivity and lack of negative reports."
rag_large,fit_sizing_008,5,5,4,5,"The candidate correctly identifies the split in opinions regarding the fit, aligning with the reference's conclusion that most find it flattering while some do not. It is fully faithful to the provided context, citing specific reviews for both positive and negative feedback, though it omits the specific review IDs present in the reference."
rag_large,fit_sizing_010,1,5,1,5,"The candidate answer is faithful to the provided context, which contains no negative fit reports, but it is incorrect and incomplete because it contradicts the reference answer which cites specific fit flaws (e.g., slight bulge, odd fit) from other reviews not included in the context. The candidate fails to capture the 'mixed' nature of the reports described in the ground truth."
rag_large,fit_sizing_012,5,5,5,5,"The candidate answer accurately reflects the reference's conclusion that tall buyers generally find the fit good, while correctly noting the specific caveats about sleeve or overall length found in the context. It is faithful to the provided text, covers the same ground as the reference, and is concise."
rag_large,fit_sizing_016,5,5,4,5,"The candidate answer correctly identifies the conflicting opinions in the context and aligns with the reference's conclusion that buyers disagree on the fit. It is fully faithful to the provided context, citing specific reviews for both sides of the argument. It scores slightly lower on completeness because it relies on a smaller subset of the context compared to the reference, but it captures the essential nuance of the disagreement effectively and concisely."
rag_large,fit_sizing_017,4,2,4,5,"The candidate correctly identifies the mixed feedback regarding fit for petite frames, aligning well with the reference's substance. However, it scores low on faithfulness because it incorrectly cites review [99379] as supporting a 'great fit,' whereas that review explicitly states the product is 'not for you' if you don't have a petite frame, and cites [191495] which suggests it is nice for petite frames but admits the fit wasn't right for the reviewer."
rag_large,colour_appearance_001,3,5,2,5,"The candidate is faithful to the provided context and concise, but it fails to capture the predominant negative consensus regarding color mismatch highlighted in the reference answer, instead presenting a neutral 'mixed' view that omits the specific details of the discrepancies (e.g., fuchsia/orange) found in the reference."
rag_large,colour_appearance_002,5,5,4,5,"The candidate answer is factually correct and fully supported by the provided context, accurately reflecting both lighter and darker color discrepancies. It is concise and direct, though it cites fewer specific review IDs than the reference, it covers the essential ground required by the question."
rag_large,colour_appearance_006,5,5,4,5,"The candidate answer is factually correct and fully supported by the provided context, accurately summarizing the relevant reviews. It scores slightly lower on completeness because it omits review [102131] mentioned in the reference, which was not present in the provided context snippet, but it covers all available evidence thoroughly and concisely."
rag_large,colour_appearance_008,1,5,1,5,"The candidate correctly identifies that the provided context lacks information about color surprises, making it faithful to the context. However, it fails in correctness and completeness because the reference answer indicates that such information exists in the broader dataset (citing specific IDs not in the context), meaning the candidate's claim of 'not enough information' is factually incorrect relative to the ground truth."
rag_large,colour_appearance_009,2,5,2,5,"The candidate is faithful to the provided context but fails in correctness and completeness because it contradicts the reference answer's conclusion that 'cheaper/different' is a frequent complaint. By relying solely on the limited context which contains mixed signals, the candidate misses the broader consensus established in the reference."
rag_large,colour_appearance_010,1,5,1,5,"The candidate answer is faithful to the provided context, which indeed lacks mentions of color issues, but it is incorrect and incomplete because it contradicts the reference answer which identifies specific reviews citing color inconsistencies. The candidate fails to acknowledge the existence of these issues mentioned in the ground truth."
rag_large,colour_appearance_011,4,5,3,4,"The candidate is faithful to the provided context and correctly identifies reviews mentioning muted colors, but it is incomplete because it omits the reference's mention of reviews citing colors that were more vibrant than expected. The response is concise and well-written."
rag_large,fabric_quality_000,4,5,3,5,"The candidate is faithful to the provided context and correctly identifies the snagging issue, but it is less complete than the reference because it omits the contradictory evidence present in the context (review [173848] stating the fabric minimizes snagging) which the reference answer includes. It is concise and well-written."
rag_large,fabric_quality_001,5,5,4,5,"The candidate correctly identifies the mixed opinions on fabric softness and accurately cites the provided context for both positive and negative reviews. It is faithful to the available text, though it is slightly less complete than the reference which cites a broader range of reviews, but given the limited context provided to the candidate, it captures all available evidence effectively."
rag_large,fabric_quality_002,4,5,3,5,"The candidate is faithful to the provided context and correctly identifies the mixed nature of the reviews, though it omits the specific mention of washing effects found in the reference. It accurately reflects the available evidence without hallucination."
rag_large,fabric_quality_003,4,5,4,5,"The candidate answer is faithful to the provided context and correctly identifies the conflicting opinions present in the snippets. It scores slightly lower on correctness and completeness because it presents the views as evenly split ('Some... while other...'), whereas the reference indicates a clear majority ('Mostly yes') favoring solid construction, a nuance the candidate misses due to the limited context provided."
rag_large,fabric_quality_005,4,5,3,5,"The candidate correctly identifies that the fabric is breathable and moisture-wicking based on the provided context, and all claims are strictly supported by the cited reviews. However, it is less complete than the reference because it omits the nuance regarding a smaller number of reviews that noted lacking moisture-wicking performance."
rag_large,fabric_quality_006,4,5,3,5,"The candidate answer is faithful to the provided context and correctly identifies the mixed feedback regarding color retention, though it omits the specific detail about 'fading' mentioned in the reference. It is concise and accurately reflects the available evidence without hallucination."
rag_large,fabric_quality_007,5,5,3,5,"The candidate answer is factually correct and fully supported by the provided context, accurately reflecting the conflicting reviews present in the snippets. However, it is less complete than the reference answer because it omits the nuance that the material can also feel 'hot' or be suitable for 'warm weather' as mentioned in other context snippets, focusing only on the warm/cold dichotomy."
rag_large,fabric_quality_014,5,5,4,5,"The candidate answer is factually correct and fully supported by the provided context, accurately summarizing the specific odors mentioned. It scores slightly lower on completeness because it omits the reference's detail about the smell persisting after washing, though it captures the core sentiment effectively."
rag_large,durability_000,4,5,4,5,"The candidate answer is fully faithful to the provided context and correctly identifies the mixed sentiment regarding durability. It scores slightly lower on correctness and completeness because it misses the specific detail from the reference that the item falls apart after 'only one or a few wears' and omits the nuance that negative reviews are the 'substantial share' versus a 'smaller number' of positive ones, though it captures the general contradiction well."
rag_large,durability_001,3,5,2,5,"The candidate is faithful to the provided context and concise, but it is incomplete because it omits the negative reviews mentioned in the reference answer, leading to a partially incorrect conclusion that ignores the minority of users who reported quick failure."
rag_large,durability_002,4,5,3,5,"The candidate is faithful to the provided context and correctly identifies that the available reviews are positive, but it is less complete than the reference because it omits the nuance regarding negative reports (fading/reduced quality) present in the ground truth. It is concise and well-written."
rag_large,durability_004,5,5,4,5,"The candidate answer is factually correct and fully supported by the provided context, accurately citing specific instances of fraying and tearing. It scores slightly lower on completeness because it omits the broader category of general durability concerns mentioned in the reference, but it effectively answers the specific question about fraying and tearing."
rag_large,durability_007,4,5,3,5,"The candidate is faithful to the provided context and correctly summarizes the available evidence, but it is less complete than the reference because it omits the negative review mentioned in the reference (ID 87937) which is not present in the provided context snippets. The candidate accurately reflects the limited context provided, whereas the reference appears to draw from a broader set of reviews."
rag_large,durability_010,5,5,4,3,"The candidate answer is factually correct and fully faithful to the provided context, accurately summarizing the mixed reviews. It scores lower on completeness because it only cites the specific reviews present in the context snippet, whereas the reference answer implies a broader dataset with additional citations not shown in the context. Conciseness is penalized because the answer is verbose, quoting large portions of the reviews rather than synthesizing the findings succinctly."
rag_large,defects_000,5,5,3,5,"The candidate answer is factually correct and fully supported by the provided context, citing specific examples of stitching issues. However, it is less complete than the reference because it omits the counter-evidence (reviews stating no issues) and the broader scope of complaints mentioned in the reference, though it accurately reflects the limited context provided."
rag_large,defects_001,5,5,4,5,"The candidate answer is factually correct and fully supported by the provided context, accurately summarizing the specific defects mentioned. It is concise and directly answers the question, though it relies on a smaller subset of reviews than the reference, resulting in a slight deduction for completeness."
rag_large,defects_005,1,5,1,5,"The candidate answer is faithful to the provided context but factually incorrect compared to the reference, which states there are complaints about packaging damage. The candidate incorrectly concludes there are no such complaints, likely due to the limited context provided, resulting in low correctness and completeness scores."
rag_large,defects_007,2,5,2,5,"The candidate is faithful to the provided context but fails in correctness and completeness because it ignores the reference answer's broader scope and specific examples (like missing rhinestones or zipper pulls) which are not present in the limited context snippet provided. While the candidate accurately reflects the limited context, it contradicts the ground truth reference which indicates a 'modest but consistent number' of reports, whereas the candidate implies it is rare (only one review)."
rag_large,defects_010,2,5,2,5,"The candidate is faithful to the provided context but fails in correctness and completeness because it contradicts the reference answer's conclusion about the frequency of issues ('only one' vs 'a handful') and omits the specific types of construction problems cited in the reference. The candidate correctly identifies that the provided context is limited, but the reference implies a broader dataset was used for the ground truth, making the candidate's narrow scope a completeness failure relative to the reference."
rag_large,defects_011,5,5,3,5,"The candidate answer is factually correct and fully supported by the provided context, accurately citing specific complaints about the finish and coating. However, it is less complete than the reference answer, which lists a broader range of defects (torn, bubbling, discoloration) and more sources, though the candidate's omissions are due to the limited context provided rather than poor synthesis."
rag_large,occasion_000,4,5,3,5,"The candidate correctly identifies that the item is suitable for everyday wear based on the provided context, and all claims are strictly supported by the cited snippets. However, it is less complete than the reference because it omits the nuance regarding potential discomfort (scratchy tags) mentioned in the context, which the reference implicitly covers by noting dissenting views or mixed feedback."
rag_large,occasion_001,5,5,4,5,"The candidate answer is factually correct and fully supported by the provided context, accurately summarizing the positive sentiment regarding work and formal wear. It scores slightly lower on completeness because it omits the nuance mentioned in the reference about one reviewer finding the material too casual for strictly formal settings, though this detail was not present in the provided context snippets."
rag_large,occasion_002,5,5,4,5,"The candidate correctly affirms suitability for parties and accurately cites the provided context, though it omits the specific warning about ripping under active use mentioned in the reference. The response is concise and directly answers the question without unnecessary padding."
rag_large,occasion_003,4,5,3,5,"The candidate is faithful to the provided context and correctly identifies the positive sentiment, but it is incomplete because it omits the negative reviews mentioned in the reference answer, leading to a slightly overly optimistic conclusion."
rag_large,occasion_006,3,5,2,5,"The candidate is faithful to the provided context and concise, but it lacks completeness and correctness relative to the reference because it omits the significant negative feedback regarding durability and protection limitations, presenting an overly positive and one-sided view."
rag_large,occasion_009,4,5,4,5,"The candidate answer is faithful to the provided context and correctly identifies the mixed feedback regarding wedding suitability and sizing issues. It scores slightly lower on correctness and completeness because it omits the nuance that successful wear was the majority experience ('Yes for most buyers') and relies on a smaller subset of reviews compared to the reference, but it accurately reflects the available evidence."
rag_large,occasion_010,4,5,4,4,"The candidate answer is fully faithful to the provided context and correctly identifies the mixed reviews, though it presents a balanced view rather than the reference's definitive 'predominantly yes' conclusion. It covers the key points from the available context but lacks the broader consensus weight mentioned in the reference."
rag_large,value_000,1,5,1,5,"The candidate correctly identifies that the provided context is insufficient to support the reference answer's claims (which cite reviews not present in the context), making it faithful. However, it fails on correctness and completeness because it incorrectly concludes the question is unanswerable, whereas the reference provides a nuanced summary of mixed opinions based on the broader available data."
rag_large,value_001,5,5,4,5,"The candidate correctly identifies that buyers find the item overpriced, aligning with the reference's main conclusion. It is fully faithful to the provided context, citing specific reviews that support the claim. It scores slightly lower on completeness because it omits the nuance mentioned in the reference regarding a review that found the item overpriced but acceptable, though this nuance is not present in the provided context snippets."
rag_large,value_002,3,5,2,5,"The candidate is faithful to the provided context but fails to capture the overall consensus ('mostly yes') presented in the reference, instead presenting a balanced view that ignores the majority opinion. It is concise but incomplete regarding the aggregate sentiment."
rag_large,value_004,3,5,3,5,"The candidate is faithful to the provided context but fails to capture the reference's conclusion that the product is 'mostly' a good investment, instead presenting a balanced split that contradicts the reference's weighting. It omits several supporting citations present in the reference, reducing completeness."
rag_large,value_006,4,5,3,5,"The candidate is faithful to the provided context and correctly identifies the positive sentiment, but it is less complete than the reference because it omits the nuance of the few lukewarm or negative reviews mentioned in the ground truth. It is concise and well-written."
rag_large,fit_sizing_neg_000,1,5,1,5,"The candidate answer incorrectly claims there is not enough information, whereas the reference answer identifies specific reviews that do report chest measurements for medium sizes (e.g., review [47706] and [116514]). While the candidate is faithful to the provided context snippet (which is incomplete compared to the reference's knowledge base) and concise, it fails significantly on correctness and completeness by missing the available evidence."
rag_large,fit_sizing_neg_001,5,5,4,5,"The candidate answer correctly identifies the predominant negative consensus and the minority positive experience, aligning perfectly with the reference's conclusion. It is fully faithful to the provided context, citing specific reviews accurately. It scores slightly lower on completeness because it relies only on the limited context provided rather than the broader set of reviews mentioned in the reference, but it fully answers the question based on the available evidence."
rag_large,colour_appearance_neg_000,2,5,2,5,"The candidate correctly identifies that the provided context does not contain information about 'dye lot numbers,' making it faithful and concise. However, it scores low on correctness and completeness because it fails to acknowledge the evidence of color variation present in the reviews (e.g., mismatched shoes, different shades), which the reference answer highlights as relevant context for the user's underlying concern about color consistency."
rag_large,fabric_quality_neg_000,5,5,5,5,"The candidate answer correctly identifies that the context does not contain the specific thread count, matching the reference answer's conclusion. It is faithful to the provided text, complete in its assessment, and concise."
rag_large,fabric_quality_neg_001,4,5,3,5,"The candidate is faithful to the provided context and correctly identifies the skepticism in review [59375], but it is less complete than the reference because it omits the additional evidence from review [121249] mentioned in the ground truth. However, since [121249] was not in the provided context, the candidate's omission is understandable given the constraints, though it diverges from the reference's broader scope."
rag_large,durability_neg_000,5,5,5,5,"The candidate correctly identifies that the available context lacks controlled lab-test data, aligning with the reference's conclusion that no such data exists. By abstaining from providing a specific number, it avoids hallucination and accurately reflects the limitations of the provided text."
rag_large,durability_neg_001,2,5,1,5,"The candidate is faithful to the provided context and concise, but it is incorrect and incomplete because it presents a single outlier review (10-year warranty) as the definitive answer, ignoring the reference's conclusion that warranties vary and are mostly single-year or non-existent."
rag_large,defects_neg_000,5,5,5,5,"The candidate answer correctly identifies that the provided context lacks the specific internal QA data required to answer the question, matching the reference answer exactly in substance and reasoning."
rag_large,defects_neg_001,5,5,5,5,"The candidate correctly identifies that the provided context does not contain the specific information requested (factory batch numbers), aligning with the reference answer's conclusion that no such reports exist in the data. The response is faithful to the limited context, complete in its assessment of the available evidence, and concise."
rag_large,occasion_neg_000,1,5,1,5,"The candidate answer is faithful to the provided context, which indeed lacks information about licensing. However, it scores poorly on correctness and completeness because the reference answer provides specific evidence from other reviews (not shown in the context) to conclude the item is likely not licensed, whereas the candidate simply abstains. The candidate fails to match the reference's substantive conclusion."
rag_large,value_neg_000,5,5,5,5,"The candidate correctly identifies that the provided context does not contain the answer, aligning with the reference's conclusion that no review discloses the wholesale cost. It is faithful to the limited context, complete in its refusal to answer an unanswerable question, and concise."
